Code région;Nom de la région;Code département;Code commune;Nom de la commune;Population municipale;Code postal;Nom du département;Code_Département;Libellé_Département;Dep_NbAlternance_2025-Janv;Dep_NbAlternance_2026-Janv;Evol_NbAlternance
93;Provence-Alpes-Côte d'Azur;13;55;Marseille;886 040;93055;Bouches-du-Rhône;13;Bouches-du-Rhône;23439.0;22405.0;-0,04
84;Auvergne-Rhône-Alpes;69;55;Lyon;519 127;84055;Rhône;69;Rhône;32434.0;30285.0;-0,07
11;Île-de-France;75;55;Paris;2 103 778;11055;Paris;75;Paris;70377.0;66382.0;-0,06
76;Occitanie;31;555;Toulouse;514 819;31555;Haute-Garonne;31;Haute-Garonne;19516.0;17816.0;-0,09
93;Provence-Alpes-Côte d'Azur;06;88;Nice;357 737;06088;Alpes-Maritimes;06;Alpes-Maritimes;10486.0;10320.0;-0,02
52;Pays de la Loire;44;109;Nantes;327 734;44109;Loire-Atlantique;44;Loire-Atlantique;15808.0;14785.0;-0,06
76;Occitanie;34;172;Montpellier;310 240;34172;Hérault;34;Hérault;13543.0;12599.0;-0,07
44;Grand Est;67;482;Strasbourg;293 771;67482;Bas-Rhin;67;Bas-Rhin;12418.0;12036.0;-0,03
75;Nouvelle-Aquitaine;33;63;Bordeaux;267 991;33063;Gironde;33;Gironde;18997.0;17653.0;-0,07
32;Hauts-de-France;59;350;Lille;238 246;59350;Nord;59;Nord;25176.0;23707.0;-0,06
53;Bretagne;35;238;Rennes;230 890;35238;Ille-et-Vilaine;35;Ille-et-Vilaine;13093.0;12130.0;-0,07
93;Provence-Alpes-Côte d'Azur;83;137;Toulon;179 116;83137;Var;83;Var;6526.0;6338.0;-0,03
44;Grand Est;51;454;Reims;177 674;51454;Marne;51;Marne;4950.0;4723.0;-0,05
84;Auvergne-Rhône-Alpes;42;218;Saint-Étienne;173 136;42218;Loire;42;Loire;6292.0;6199.0;-0,01
28;Normandie;76;351;Le Havre;166 687;76351;Seine-Maritime;76;Seine-Maritime;11102.0;10563.0;-0,05
84;Auvergne-Rhône-Alpes;69;266;Villeurbanne;163 684;69266;Rhône;69;Rhône;32434.0;30285.0;-0,07
27;Bourgogne-Franche-Comté;21;231;Dijon;161 830;21231;Côte-d'Or;21;Côte d'Or;5451.0;5412.0;-0,01
52;Pays de la Loire;49;7;Angers;159 022;49007;Maine-et-Loire;49;Maine-et-Loire;7571.0;7099.0;-0,06
84;Auvergne-Rhône-Alpes;38;185;Grenoble;156 140;38185;Isère;38;Isère;12215.0;11637.0;-0,05
4;La Réunion;974;411;Saint-Denis;155 634;974411;La Réunion;974;La Réunion;6888.0;6513.0;-0,05
76;Occitanie;30;189;Nîmes;151 839;30189;Gard;30;Gard;5026.0;4836.0;-0,04
93;Provence-Alpes-Côte d'Azur;13;1;Aix-en-Provence;149 695;13001;Bouches-du-Rhône;13;Bouches-du-Rhône;23439.0;22405.0;-0,04
11;Île-de-France;93;66;Saint-Denis;149 077;93066;Seine-Saint-Denis;93;Seine-Saint-Denis;19149.0;18573.0;-0,03
84;Auvergne-Rhône-Alpes;63;113;Clermont-Ferrand;146 351;63113;Puy-de-Dôme;63;Puy-de-Dôme;5246.0;4966.0;-0,05
52;Pays de la Loire;72;181;Le Mans;146 249;72181;Sarthe;72;Sarthe;4389.0;4152.0;-0,05
53;Bretagne;29;19;Brest;142 346;29019;Finistère;29;Finistère;6536.0;6320.0;-0,03
24;Centre-Val de Loire;37;261;Tours;139 259;37261;Indre-et-Loire;37;Indre-et-Loire;5589.0;5278.0;-0,06
32;Hauts-de-France;80;21;Amiens;136 449;80021;Somme;80;Somme;4492.0;4229.0;-0,06
84;Auvergne-Rhône-Alpes;74;10;Annecy;132 117;74010;Haute-Savoie;74;Haute-Savoie;6386.0;6207.0;-0,03
75;Nouvelle-Aquitaine;87;85;Limoges;129 937;87085;Haute-Vienne;87;Haute-Vienne;2389.0;2216.0;-0,07
44;Grand Est;57;463;Metz;122 572;57463;Moselle;57;Moselle;7148.0;6879.0;-0,04
76;Occitanie;66;136;Perpignan;121 616;66136;Pyrénées-Orientales;66;Pyrénées-Orientales;3074.0;2968.0;-0,03
11;Île-de-France;92;12;Boulogne-Billancourt;119 019;92012;Hauts-de-Seine;92;Hauts-de-Seine;46444.0;43697.0;-0,06
27;Bourgogne-Franche-Comté;25;56;Besançon;118 489;25056;Doubs;25;Doubs;4673.0;4481.0;-0,04
28;Normandie;76;540;Rouen;117 662;76540;Seine-Maritime;76;Seine-Maritime;11102.0;10563.0;-0,05
24;Centre-Val de Loire;45;234;Orléans;116 357;45234;Loiret;45;Loiret;5652.0;5307.0;-0,06
11;Île-de-France;93;48;Montreuil;111 934;93048;Seine-Saint-Denis;93;Seine-Saint-Denis;19149.0;18573.0;-0,03
28;Normandie;14;118;Caen;109 400;14118;Calvados;14;Calvados;6599.0;6248.0;-0,05
4;La Réunion;974;415;Saint-Paul;108 088;974415;La Réunion;974;La Réunion;6888.0;6513.0;-0,05
11;Île-de-France;95;18;Argenteuil;106 130;95018;Val-d'Oise;95;Val-d'Oise;10586.0;10438.0;-0,01
44;Grand Est;68;224;Mulhouse;104 978;68224;Haut-Rhin;68;Haut-Rhin;5905.0;5695.0;-0,04
44;Grand Est;54;395;Nancy;103 671;54395;Meurthe-et-Moselle;54;Meurthe-et-Moselle;6208.0;5776.0;-0,07
32;Hauts-de-France;59;599;Tourcoing;98 772;59599;Nord;59;Nord;25176.0;23707.0;-0,06
32;Hauts-de-France;59;512;Roubaix;98 286;59512;Nord;59;Nord;25176.0;23707.0;-0,06
11;Île-de-France;92;50;Nanterre;97 783;92050;Hauts-de-Seine;92;Hauts-de-Seine;46444.0;43697.0;-0,06
11;Île-de-France;94;81;Vitry-sur-Seine;93 963;94081;Val-de-Marne;94;Val-de-Marne;15815.0;15265.0;-0,03
11;Île-de-France;92;4;Asnières-sur-Seine;93 941;92004;Hauts-de-Seine;92;Hauts-de-Seine;46444.0;43697.0;-0,06
11;Île-de-France;94;28;Créteil;93 397;94028;Val-de-Marne;94;Val-de-Marne;15815.0;15265.0;-0,03
93;Provence-Alpes-Côte d'Azur;84;7;Avignon;92 188;84007;Vaucluse;84;Vaucluse;4349.0;4270.0;-0,02
11;Île-de-France;92;25;Colombes;91 053;92025;Hauts-de-Seine;92;Hauts-de-Seine;46444.0;43697.0;-0,06
75;Nouvelle-Aquitaine;86;194;Poitiers;89 916;86194;Vienne;86;Vienne;2950.0;2802.0;-0,05
11;Île-de-France;93;1;Aubervilliers;88 365;93001;Seine-Saint-Denis;93;Seine-Saint-Denis;19149.0;18573.0;-0,03
11;Île-de-France;93;5;Aulnay-sous-Bois;87 599;93005;Seine-Saint-Denis;93;Seine-Saint-Denis;19149.0;18573.0;-0,03
32;Hauts-de-France;59;183;Dunkerque;86 263;59183;Nord;59;Nord;25176.0;23707.0;-0,06
4;La Réunion;974;416;Saint-Pierre;85 038;974416;La Réunion;974;La Réunion;6888.0;6513.0;-0,05
11;Île-de-France;78;646;Versailles;84 095;78646;Yvelines;78;Yvelines;16019.0;15694.0;-0,02
11;Île-de-France;92;26;Courbevoie;82 902;92026;Hauts-de-Seine;92;Hauts-de-Seine;46444.0;43697.0;-0,06
11;Île-de-France;92;63;Rueil-Malmaison;82 874;92063;Hauts-de-Seine;92;Hauts-de-Seine;46444.0;43697.0;-0,06
4;La Réunion;974;422;Le Tampon;82 579;974422;La Réunion;974;La Réunion;6888.0;6513.0;-0,05
76;Occitanie;34;32;Béziers;81 545;34032;Hérault;34;Hérault;13543.0;12599.0;-0,07
75;Nouvelle-Aquitaine;64;445;Pau;80 441;64445;Pyrénées-Atlantiques;64;Pyrénées-Atlantiques;5188.0;4810.0;-0,07
75;Nouvelle-Aquitaine;17;300;La Rochelle;79 851;17300;Charente-Maritime;17;Charente-Maritime;3814.0;3579.0;-0,06
28;Normandie;50;129;Cherbourg-en-Cotentin;78 258;50129;Manche;50;Manche;3575.0;3612.0;0,01
75;Nouvelle-Aquitaine;33;281;Mérignac;78 090;33281;Gironde;33;Gironde;18997.0;17653.0;-0,07
11;Île-de-France;94;17;Champigny-sur-Marne;78 072;94017;Val-de-Marne;94;Val-de-Marne;15815.0;15265.0;-0,03
93;Provence-Alpes-Côte d'Azur;06;4;Antibes;77 637;06004;Alpes-Maritimes;06;Alpes-Maritimes;10486.0;10320.0;-0,02
11;Île-de-France;94;68;Saint-Maur-des-Fossés;76 572;94068;Val-de-Marne;94;Val-de-Marne;15815.0;15265.0;-0,03
94;Corse;2A;4;Ajaccio;76 320;2A004;Corse-du-Sud;2A;Corse-du-Sud;825.0;765.0;-0,07
2;Martinique;972;209;Fort-de-France;75 506;972209;Martinique;972;Martinique;1957.0;1839.0;-0,06
52;Pays de la Loire;44;184;Saint-Nazaire;74 568;44184;Loire-Atlantique;44;Loire-Atlantique;15808.0;14785.0;-0,06
93;Provence-Alpes-Côte d'Azur;06;29;Cannes;74 350;06029;Alpes-Maritimes;06;Alpes-Maritimes;10486.0;10320.0;-0,02
11;Île-de-France;93;51;Noisy-le-Grand;72 978;93051;Seine-Saint-Denis;93;Seine-Saint-Denis;19149.0;18573.0;-0,03
11;Île-de-France;93;29;Drancy;72 390;93029;Seine-Saint-Denis;93;Seine-Saint-Denis;19149.0;18573.0;-0,03
11;Île-de-France;95;127;Cergy;70 906;95127;Val-d'Oise;95;Val-d'Oise;10586.0;10438.0;-0,01
11;Île-de-France;92;44;Levallois-Perret;68 092;92044;Hauts-de-Seine;92;Hauts-de-Seine;46444.0;43697.0;-0,06
11;Île-de-France;92;40;Issy-les-Moulineaux;67 669;92040;Hauts-de-Seine;92;Hauts-de-Seine;46444.0;43697.0;-0,06
32;Hauts-de-France;62;193;Calais;67 571;62193;Pas-de-Calais;62;Pas-de-Calais;8021.0;7770.0;-0,03
75;Nouvelle-Aquitaine;33;318;Pessac;67 339;33318;Gironde;33;Gironde;18997.0;17653.0;-0,07
44;Grand Est;68;66;Colmar;66 970;68066;Haut-Rhin;68;Haut-Rhin;5905.0;5695.0;-0,04
11;Île-de-France;91;228;Évry-Courcouronnes;66 919;91228;Essonne;91;Essonne;12894.0;12594.0;-0,02
84;Auvergne-Rhône-Alpes;69;259;Vénissieux;65 502;69259;Rhône;69;Rhône;32434.0;30285.0;-0,07
11;Île-de-France;94;41;Ivry-sur-Seine;65 064;94041;Val-de-Marne;94;Val-de-Marne;15815.0;15265.0;-0,03
84;Auvergne-Rhône-Alpes;26;362;Valence;64 458;26362;Drôme;26;Drôme;4586.0;4464.0;-0,03
11;Île-de-France;92;24;Clichy;64 410;92024;Hauts-de-Seine;92;Hauts-de-Seine;46444.0;43697.0;-0,06
53;Bretagne;29;232;Quimper;64 385;29232;Finistère;29;Finistère;6536.0;6320.0;-0,03
11;Île-de-France;92;2;Antony;64 263;92002;Hauts-de-Seine;92;Hauts-de-Seine;46444.0;43697.0;-0,06
24;Centre-Val de Loire;18;33;Bourges;64 186;18033;Cher;18;Cher;1673.0;1617.0;-0,03
93;Provence-Alpes-Côte d'Azur;83;126;La Seyne-sur-Mer;63 732;83126;Var;83;Var;6526.0;6338.0;-0,03
76;Occitanie;82;121;Montauban;62 945;82121;Tarn-et-Garonne;82;Tarn-et-Garonne;1433.0;1432.0;0,00
32;Hauts-de-France;59;9;Villeneuve-d'Ascq;62 868;59009;Nord;59;Nord;25176.0;23707.0;-0,06
3;Guyane;973;302;Cayenne;62 675;973302;Guyane;973;Guyane;973.0;996.0;0,02
11;Île-de-France;93;7;Le Blanc-Mesnil;62 376;93007;Seine-Saint-Denis;93;Seine-Saint-Denis;19149.0;18573.0;-0,03
44;Grand Est;10;387;Troyes;62 088;10387;Aube;10;Aube;1894.0;1842.0;-0,03
11;Île-de-France;93;55;Pantin;61 929;93055;Seine-Saint-Denis;93;Seine-Saint-Denis;19149.0;18573.0;-0,03
11;Île-de-France;94;76;Villejuif;60 183;94076;Val-de-Marne;94;Val-de-Marne;15815.0;15265.0;-0,03
84;Auvergne-Rhône-Alpes;73;65;Chambéry;59 964;73065;Savoie;73;Savoie;3917.0;3705.0;-0,05
75;Nouvelle-Aquitaine;79;191;Niort;59 854;79191;Deux-Sèvres;79;Deux-Sèvres;2696.0;2623.0;-0,03
93;Provence-Alpes-Côte d'Azur;83;61;Fréjus;59 719;83061;Var;83;Var;6526.0;6338.0;-0,03
11;Île-de-France;92;51;Neuilly-sur-Seine;59 538;92051;Hauts-de-Seine;92;Hauts-de-Seine;46444.0;43697.0;-0,06
11;Île-de-France;95;585;Sarcelles;59 173;95585;Val-d'Oise;95;Val-d'Oise;10586.0;10438.0;-0,01
4;La Réunion;974;409;Saint-André;58 885;974409;La Réunion;974;La Réunion;6888.0;6513.0;-0,05
11;Île-de-France;92;23;Clamart;58 576;92023;Hauts-de-Seine;92;Hauts-de-Seine;46444.0;43697.0;-0,06
53;Bretagne;56;121;Lorient;58 329;56121;Morbihan;56;Morbihan;4919.0;4752.0;-0,03
76;Occitanie;11;262;Narbonne;57 587;11262;Aude;11;Aude;1994.0;1838.0;-0,08
11;Île-de-France;93;8;Bobigny;56 927;93008;Seine-Saint-Denis;93;Seine-Saint-Denis;19149.0;18573.0;-0,03
11;Île-de-France;77;284;Meaux;56 905;77284;Seine-et-Marne;77;Seine-et-Marne;11618.0;11306.0;-0,03
11;Île-de-France;94;46;Maisons-Alfort;56 799;94046;Val-de-Marne;94;Val-de-Marne;15815.0;15265.0;-0,03
93;Provence-Alpes-Côte d'Azur;83;69;Hyères;55 858;83069;Var;83;Var;6526.0;6338.0;-0,03
53;Bretagne;56;260;Vannes;55 790;56260;Morbihan;56;Morbihan;4919.0;4752.0;-0,03
32;Hauts-de-France;60;57;Beauvais;55 550;60057;Oise;60;Oise;5375.0;5353.0;0,00
4;La Réunion;974;414;Saint-Louis;54 941;974414;La Réunion;974;La Réunion;6888.0;6513.0;-0,05
52;Pays de la Loire;85;191;La Roche-sur-Yon;54 849;85191;Vendée;85;Vendée;5561.0;5412.0;-0,03
11;Île-de-France;77;108;Chelles;54 620;77108;Seine-et-Marne;77;Seine-et-Marne;11618.0;11306.0;-0,03
11;Île-de-France;91;174;Corbeil-Essonnes;54 471;91174;Essonne;91;Essonne;12894.0;12594.0;-0,02
3;Guyane;973;311;Saint-Laurent-du-Maroni;54 429;973311;Guyane;973;Guyane;973.0;996.0;0,02
52;Pays de la Loire;49;99;Cholet;54 404;49099;Maine-et-Loire;49;Maine-et-Loire;7571.0;7099.0;-0,06
75;Nouvelle-Aquitaine;64;102;Bayonne;54 306;64102;Pyrénées-Atlantiques;64;Pyrénées-Atlantiques;5188.0;4810.0;-0,07
11;Île-de-France;94;33;Fontenay-sous-Bois;53 757;94033;Val-de-Marne;94;Val-de-Marne;15815.0;15265.0;-0,03
11;Île-de-France;93;70;Saint-Ouen-sur-Seine;53 615;93070;Seine-Saint-Denis;93;Seine-Saint-Denis;19149.0;18573.0;-0,03
93;Provence-Alpes-Côte d'Azur;06;27;Cagnes-sur-Mer;53 354;06027;Alpes-Maritimes;06;Alpes-Maritimes;10486.0;10320.0;-0,02
84;Auvergne-Rhône-Alpes;69;256;Vaulx-en-Velin;53 069;69256;Rhône;69;Rhône;32434.0;30285.0;-0,07
11;Île-de-France;93;31;Épinay-sur-Seine;52 833;93031;Seine-Saint-Denis;93;Seine-Saint-Denis;19149.0;18573.0;-0,03
32;Hauts-de-France;02;691;Saint-Quentin;52 813;02691;Aisne;02;Aisne;2269.0;2217.0;-0,02
11;Île-de-France;78;586;Sartrouville;52 763;78586;Yvelines;78;Yvelines;16019.0;15694.0;-0,02
11;Île-de-France;93;71;Sevran;52 535;93071;Seine-Saint-Denis;93;Seine-Saint-Denis;19149.0;18573.0;-0,03
93;Provence-Alpes-Côte d'Azur;13;4;Arles;51 811;13004;Bouches-du-Rhône;13;Bouches-du-Rhône;23439.0;22405.0;-0,04
11;Île-de-France;91;377;Massy;51 729;91377;Essonne;91;Essonne;12894.0;12594.0;-0,02
76;Occitanie;81;4;Albi;51 290;81004;Tarn;81;Tarn;2144.0;2046.0;-0,05
1;Guadeloupe;971;101;Les Abymes;51 055;971101;Guadeloupe;971;Guadeloupe;2406.0;2464.0;0,02
11;Île-de-France;92;36;Gennevilliers;50 979;92036;Hauts-de-Seine;92;Hauts-de-Seine;46444.0;43697.0;-0,06
52;Pays de la Loire;44;162;Saint-Herblain;50 973;44162;Loire-Atlantique;44;Loire-Atlantique;15808.0;14785.0;-0,06
93;Provence-Alpes-Côte d'Azur;06;69;Grasse;50 970;06069;Alpes-Maritimes;06;Alpes-Maritimes;10486.0;10320.0;-0,02
11;Île-de-France;93;10;Bondy;50 595;93010;Seine-Saint-Denis;93;Seine-Saint-Denis;19149.0;18573.0;-0,03
52;Pays de la Loire;85;194;Les Sables-d'Olonne;49 603;85194;Vendée;85;Vendée;5561.0;5412.0;-0,03
52;Pays de la Loire;53;130;Laval;49 400;53130;Mayenne;53;Mayenne;2788.0;2720.0;-0,02
28;Normandie;27;229;Évreux;49 360;27229;Eure;27;Eure;3547.0;3503.0;-0,01
84;Auvergne-Rhône-Alpes;69;290;Saint-Priest;49 229;69290;Rhône;69;Rhône;32434.0;30285.0;-0,07
11;Île-de-France;92;73;Suresnes;48 956;92073;Hauts-de-Seine;92;Hauts-de-Seine;46444.0;43697.0;-0,06
93;Provence-Alpes-Côte d'Azur;13;56;Martigues;48 298;13056;Bouches-du-Rhône;13;Bouches-du-Rhône;23439.0;22405.0;-0,04
11;Île-de-France;94;80;Vincennes;48 193;94080;Val-de-Marne;94;Val-de-Marne;15815.0;15265.0;-0,03
93;Provence-Alpes-Côte d'Azur;13;5;Aubagne;47 529;13005;Bouches-du-Rhône;13;Bouches-du-Rhône;23439.0;22405.0;-0,04
53;Bretagne;35;288;Saint-Malo;47 439;35288;Ille-et-Vilaine;35;Ille-et-Vilaine;13093.0;12130.0;-0,07
11;Île-de-France;93;46;Livry-Gargan;47 228;93046;Seine-Saint-Denis;93;Seine-Saint-Denis;19149.0;18573.0;-0,03
24;Centre-Val de Loire;41;18;Blois;47 219;41018;Loir-et-Cher;41;Loir-et-Cher;2113.0;2121.0;0,00
11;Île-de-France;93;64;Rosny-sous-Bois;47 180;93064;Seine-Saint-Denis;93;Seine-Saint-Denis;19149.0;18573.0;-0,03
11;Île-de-France;93;27;La Courneuve;47 167;93027;Seine-Saint-Denis;93;Seine-Saint-Denis;19149.0;18573.0;-0,03
75;Nouvelle-Aquitaine;19;31;Brive-la-Gaillarde;47 095;19031;Corrèze;19;Corrèze;1177.0;1192.0;0,01
94;Corse;2B;33;Bastia;46 867;2B033;Haute-Corse;2B;Haute-Corse;650.0;702.0;0,08
75;Nouvelle-Aquitaine;33;522;Talence;46 338;33522;Gironde;33;Gironde;18997.0;17653.0;-0,07
11;Île-de-France;92;48;Meudon;46 334;92048;Hauts-de-Seine;92;Hauts-de-Seine;46444.0;43697.0;-0,06
11;Île-de-France;92;49;Montrouge;46 324;92049;Hauts-de-Seine;92;Hauts-de-Seine;46444.0;43697.0;-0,06
76;Occitanie;30;7;Alès;46 125;30007;Gard;30;Gard;5026.0;4836.0;-0,04
76;Occitanie;11;69;Carcassonne;46 080;11069;Aude;11;Aude;1994.0;1838.0;-0,08
11;Île-de-France;77;288;Melun;45 995;77288;Seine-et-Marne;77;Seine-et-Marne;11618.0;11306.0;-0,03
11;Île-de-France;94;22;Choisy-le-Roi;45 946;94022;Val-de-Marne;94;Val-de-Marne;15815.0;15265.0;-0,03
11;Île-de-France;78;551;Saint-Germain-en-Laye;45 931;78551;Yvelines;78;Yvelines;16019.0;15694.0;-0,02
27;Bourgogne-Franche-Comté;90;10;Belfort;45 912;90010;Territoire de Belfort;90;Territoire de Belfort;1027.0;977.0;-0,05
44;Grand Est;08;105;Charleville-Mézières;45 560;08105;Ardennes;08;Ardennes;1148.0;1085.0;-0,05
11;Île-de-France;94;2;Alfortville;45 531;94002;Val-de-Marne;94;Val-de-Marne;15815.0;15265.0;-0,03
11;Île-de-France;93;53;Noisy-le-Sec;45 510;93053;Seine-Saint-Denis;93;Seine-Saint-Denis;19149.0;18573.0;-0,03
76;Occitanie;34;301;Sète;45 337;34301;Hérault;34;Hérault;13543.0;12599.0;-0,07
27;Bourgogne-Franche-Comté;71;76;Chalon-sur-Saône;45 102;71076;Saône-et-Loire;71;Saône-et-Loire;3312.0;3313.0;0,00
11;Île-de-France;92;7;Bagneux;44 572;92007;Hauts-de-Seine;92;Hauts-de-Seine;46444.0;43697.0;-0,06
76;Occitanie;65;440;Tarbes;44 399;65440;Hautes-Pyrénées;65;Hautes-Pyrénées;1311.0;1269.0;-0,03
53;Bretagne;22;278;Saint-Brieuc;44 364;22278;Côtes-d'Armor;22;Côtes-d'Armor;3549.0;3514.0;-0,01
93;Provence-Alpes-Côte d'Azur;13;47;Istres;44 292;13047;Bouches-du-Rhône;13;Bouches-du-Rhône;23439.0;22405.0;-0,04
93;Provence-Alpes-Côte d'Azur;13;103;Salon-de-Provence;44 194;13103;Bouches-du-Rhône;13;Bouches-du-Rhône;23439.0;22405.0;-0,04
11;Île-de-France;92;62;Puteaux;44 002;92062;Hauts-de-Seine;92;Hauts-de-Seine;46444.0;43697.0;-0,06
84;Auvergne-Rhône-Alpes;69;34;Caluire-et-Cuire;43 597;69034;Rhône;69;Rhône;32434.0;30285.0;-0,07
52;Pays de la Loire;44;143;Rezé;43 556;44143;Loire-Atlantique;44;Loire-Atlantique;15808.0;14785.0;-0,06
11;Île-de-France;78;361;Mantes-la-Jolie;43 526;78361;Yvelines;78;Yvelines;16019.0;15694.0;-0,02
32;Hauts-de-France;59;606;Valenciennes;43 468;59606;Nord;59;Nord;25176.0;23707.0;-0,06
75;Nouvelle-Aquitaine;64;24;Anglet;43 271;64024;Pyrénées-Atlantiques;64;Pyrénées-Atlantiques;5188.0;4810.0;-0,07
11;Île-de-France;93;6;Bagnolet;43 086;93006;Seine-Saint-Denis;93;Seine-Saint-Denis;19149.0;18573.0;-0,03
84;Auvergne-Rhône-Alpes;69;29;Bron;42 982;69029;Rhône;69;Rhône;32434.0;30285.0;-0,07
44;Grand Est;51;108;Châlons-en-Champagne;42 971;51108;Marne;51;Marne;4950.0;4723.0;-0,05
24;Centre-Val de Loire;36;44;Châteauroux;42 963;36044;Indre;36;Indre;1180.0;1155.0;-0,02
32;Hauts-de-France;62;41;Arras;42 875;62041;Pas-de-Calais;62;Pas-de-Calais;8021.0;7770.0;-0,03
44;Grand Est;57;672;Thionville;42 658;57672;Moselle;57;Moselle;7148.0;6879.0;-0,04
75;Nouvelle-Aquitaine;33;550;Villenave-d'Ornon;42 545;33550;Gironde;33;Gironde;18997.0;17653.0;-0,07
76;Occitanie;81;65;Castres;42 505;81065;Tarn;81;Tarn;2144.0;2046.0;-0,05
84;Auvergne-Rhône-Alpes;01;53;Bourg-en-Bresse;42 372;01053;Ain;01;Ain;4347.0;4354.0;0,00
11;Île-de-France;93;32;Gagny;42 313;93032;Seine-Saint-Denis;93;Seine-Saint-Denis;19149.0;18573.0;-0,03
93;Provence-Alpes-Côte d'Azur;06;30;Le Cannet;41 938;06030;Alpes-Maritimes;06;Alpes-Maritimes;10486.0;10320.0;-0,02
75;Nouvelle-Aquitaine;16;15;Angoulême;41 908;16015;Charente;16;Charente;2150.0;2001.0;-0,07
11;Île-de-France;95;268;Garges-lès-Gonesse;41 791;95268;Val-d'Oise;95;Val-d'Oise;10586.0;10438.0;-0,01
11;Île-de-France;93;78;Villepinte;41 470;93078;Seine-Saint-Denis;93;Seine-Saint-Denis;19149.0;18573.0;-0,03
11;Île-de-France;93;72;Stains;41 388;93072;Seine-Saint-Denis;93;Seine-Saint-Denis;19149.0;18573.0;-0,03
93;Provence-Alpes-Côte d'Azur;05;61;Gap;41 293;05061;Hautes-Alpes;05;Hautes-Alpes;565.0;571.0;0,01
11;Île-de-France;78;498;Poissy;40 983;78498;Yvelines;78;Yvelines;16019.0;15694.0;-0,02
76;Occitanie;31;149;Colomiers;40 882;31149;Haute-Garonne;31;Haute-Garonne;19516.0;17816.0;-0,09
32;Hauts-de-France;59;650;Wattrelos;40 847;59650;Nord;59;Nord;25176.0;23707.0;-0,06
93;Provence-Alpes-Côte d'Azur;83;50;Draguignan;40 826;83050;Var;83;Var;6526.0;6338.0;-0,03
32;Hauts-de-France;60;159;Compiègne;40 761;60159;Oise;60;Oise;5375.0;5353.0;0,00
84;Auvergne-Rhône-Alpes;26;198;Montélimar;40 595;26198;Drôme;26;Drôme;4586.0;4464.0;-0,03
32;Hauts-de-France;62;160;Boulogne-sur-Mer;40 539;62160;Pas-de-Calais;62;Pas-de-Calais;8021.0;7770.0;-0,03
32;Hauts-de-France;59;178;Douai;40 250;59178;Nord;59;Nord;25176.0;23707.0;-0,06
32;Hauts-de-France;59;378;Marcq-en-Barœul;40 184;59378;Nord;59;Nord;25176.0;23707.0;-0,06
11;Île-de-France;93;50;Neuilly-sur-Marne;39 800;93050;Seine-Saint-Denis;93;Seine-Saint-Denis;19149.0;18573.0;-0,03
2;Martinique;972;213;Le Lamentin;39 400;972213;Martinique;972;Martinique;1957.0;1839.0;-0,06
4;La Réunion;974;412;Saint-Joseph;39 207;974412;La Réunion;974;La Réunion;6888.0;6513.0;-0,05
11;Île-de-France;77;373;Pontault-Combault;39 096;77373;Seine-et-Marne;77;Seine-et-Marne;11618.0;11306.0;-0,03
4;La Réunion;974;410;Saint-Benoît;38 604;974410;La Réunion;974;La Réunion;6888.0;6513.0;-0,05
93;Provence-Alpes-Côte d'Azur;13;28;La Ciotat;38 477;13028;Bouches-du-Rhône;13;Bouches-du-Rhône;23439.0;22405.0;-0,04
24;Centre-Val de Loire;37;122;Joué-lès-Tours;38 423;37122;Indre-et-Loire;37;Indre-et-Loire;5589.0;5278.0;-0,06
11;Île-de-France;93;73;Tremblay-en-France;38 348;93073;Seine-Saint-Denis;93;Seine-Saint-Denis;19149.0;18573.0;-0,03
24;Centre-Val de Loire;28;85;Chartres;38 324;28085;Eure-et-Loir;28;Eure-et-Loir;2572.0;2640.0;0,03
84;Auvergne-Rhône-Alpes;69;149;Oullins-Pierre-Bénite;38 168;69149;Rhône;69;Rhône;32434.0;30285.0;-0,07
84;Auvergne-Rhône-Alpes;74;281;Thonon-les-Bains;37 928;74281;Haute-Savoie;74;Haute-Savoie;6386.0;6207.0;-0,03
11;Île-de-France;95;252;Franconville;37 754;95252;Val-d'Oise;95;Val-d'Oise;10586.0;10438.0;-0,01
84;Auvergne-Rhône-Alpes;38;421;Saint-Martin-d'Hères;37 695;38421;Isère;38;Isère;12215.0;11637.0;-0,05
84;Auvergne-Rhône-Alpes;74;12;Annemasse;37 628;74012;Haute-Savoie;74;Haute-Savoie;6386.0;6207.0;-0,03
11;Île-de-France;91;589;Savigny-sur-Orge;37 601;91589;Essonne;91;Essonne;12894.0;12594.0;-0,02
84;Auvergne-Rhône-Alpes;38;151;Échirolles;37 491;38151;Isère;38;Isère;12215.0;11637.0;-0,05
11;Île-de-France;91;477;Palaiseau;37 471;91477;Essonne;91;Essonne;12894.0;12594.0;-0,02
11;Île-de-France;93;63;Romainville;37 152;93063;Seine-Saint-Denis;93;Seine-Saint-Denis;19149.0;18573.0;-0,03
93;Provence-Alpes-Côte d'Azur;83;118;Saint-Raphaël;37 113;83118;Var;83;Var;6526.0;6338.0;-0,03
93;Provence-Alpes-Côte d'Azur;83;129;Six-Fours-les-Plages;37 109;83129;Var;83;Var;6526.0;6338.0;-0,03
4;La Réunion;974;418;Sainte-Marie;37 093;974418;La Réunion;974;La Réunion;6888.0;6513.0;-0,05
11;Île-de-France;78;172;Conflans-Sainte-Honorine;36 958;78172;Yvelines;78;Yvelines;16019.0;15694.0;-0,02
93;Provence-Alpes-Côte d'Azur;13;117;Vitrolles;36 758;13117;Bouches-du-Rhône;13;Bouches-du-Rhône;23439.0;22405.0;-0,04
11;Île-de-France;92;20;Châtillon;36 705;92020;Hauts-de-Seine;92;Hauts-de-Seine;46444.0;43697.0;-0,06
84;Auvergne-Rhône-Alpes;69;282;Meyzieu;36 687;69282;Rhône;69;Rhône;32434.0;30285.0;-0,07
11;Île-de-France;91;27;Athis-Mons;36 613;91027;Essonne;91;Essonne;12894.0;12594.0;-0,02
4;La Réunion;974;408;La Possession;36 568;974408;La Réunion;974;La Réunion;6888.0;6513.0;-0,05
3;Guyane;973;307;Matoury;36 512;973307;Guyane;973;Guyane;973.0;996.0;0,02
11;Île-de-France;95;63;Bezons;36 434;95063;Val-d'Oise;95;Val-d'Oise;10586.0;10438.0;-0,01
44;Grand Est;67;180;Haguenau;36 391;67180;Bas-Rhin;67;Bas-Rhin;12418.0;12036.0;-0,03
32;Hauts-de-France;60;175;Creil;36 301;60175;Oise;60;Oise;5375.0;5353.0;0,00
11;Île-de-France;94;78;Villeneuve-Saint-Georges;36 221;94078;Val-de-Marne;94;Val-de-Marne;15815.0;15265.0;-0,03
84;Auvergne-Rhône-Alpes;69;264;Villefranche-sur-Saône;36 172;69264;Rhône;69;Rhône;32434.0;30285.0;-0,07
4;La Réunion;974;413;Saint-Leu;36 163;974413;La Réunion;974;La Réunion;6888.0;6513.0;-0,05
11;Île-de-France;92;19;Châtenay-Malabry;35 825;92019;Hauts-de-Seine;92;Hauts-de-Seine;46444.0;43697.0;-0,06
84;Auvergne-Rhône-Alpes;42;207;Saint-Chamond;35 646;42207;Loire;42;Loire;6292.0;6199.0;-0,01
11;Île-de-France;91;549;Sainte-Geneviève-des-Bois;35 438;91549;Essonne;91;Essonne;12894.0;12594.0;-0,02
84;Auvergne-Rhône-Alpes;42;187;Roanne;35 409;42187;Loire;42;Loire;6292.0;6199.0;-0,01
11;Île-de-France;94;58;Le Perreux-sur-Marne;35 260;94058;Val-de-Marne;94;Val-de-Marne;15815.0;15265.0;-0,03
27;Bourgogne-Franche-Comté;71;270;Mâcon;35 177;71270;Saône-et-Loire;71;Saône-et-Loire;3312.0;3313.0;0,00
27;Bourgogne-Franche-Comté;89;24;Auxerre;35 097;89024;Yonne;89;Yonne;1452.0;1458.0;0,00
44;Grand Est;67;447;Schiltigheim;34 708;67447;Bas-Rhin;67;Bas-Rhin;12418.0;12036.0;-0,03
11;Île-de-France;78;621;Trappes;34 689;78621;Yvelines;78;Yvelines;16019.0;15694.0;-0,02
11;Île-de-France;78;440;Les Mureaux;34 632;78440;Yvelines;78;Yvelines;16019.0;15694.0;-0,02
11;Île-de-France;78;311;Houilles;33 983;78311;Yvelines;78;Yvelines;16019.0;15694.0;-0,02
4;La Réunion;974;407;Le Port;33 969;974407;La Réunion;974;La Réunion;6888.0;6513.0;-0,05
93;Provence-Alpes-Côte d'Azur;13;54;Marignane;33 692;13054;Bouches-du-Rhône;13;Bouches-du-Rhône;23439.0;22405.0;-0,04
84;Auvergne-Rhône-Alpes;26;281;Romans-sur-Isère;33 464;26281;Drôme;26;Drôme;4586.0;4464.0;-0,03
11;Île-de-France;94;79;Villiers-sur-Marne;33 162;94079;Val-de-Marne;94;Val-de-Marne;15815.0;15265.0;-0,03
84;Auvergne-Rhône-Alpes;03;185;Montluçon;33 147;03185;Allier;03;Allier;1715.0;1644.0;-0,04
27;Bourgogne-Franche-Comté;58;194;Nevers;33 085;58194;Nièvre;58;Nièvre;877.0;862.0;-0,02
32;Hauts-de-France;62;498;Lens;32 920;62498;Pas-de-Calais;62;Pas-de-Calais;8021.0;7770.0;-0,03
11;Île-de-France;94;73;Thiais;32 918;94073;Val-de-Marne;94;Val-de-Marne;15815.0;15265.0;-0,03
75;Nouvelle-Aquitaine;33;449;Saint-Médard-en-Jalles;32 910;33449;Gironde;33;Gironde;18997.0;17653.0;-0,07
75;Nouvelle-Aquitaine;47;1;Agen;32 801;47001;Lot-et-Garonne;47;Lot-et-Garonne;2094.0;2004.0;-0,04
11;Île-de-France;78;423;Montigny-le-Bretonneux;32 465;78423;Yvelines;78;Yvelines;16019.0;15694.0;-0,02
11;Île-de-France;94;52;Nogent-sur-Marne;32 455;94052;Val-de-Marne;94;Val-de-Marne;15815.0;15265.0;-0,03
84;Auvergne-Rhône-Alpes;73;8;Aix-les-Bains;32 406;73008;Savoie;73;Savoie;3917.0;3705.0;-0,05
44;Grand Est;88;160;Épinal;32 251;88160;Vosges;88;Vosges;2053.0;2003.0;-0,02
93;Provence-Alpes-Côte d'Azur;06;123;Saint-Laurent-du-Var;32 172;06123;Alpes-Maritimes;06;Alpes-Maritimes;10486.0;10320.0;-0,02
11;Île-de-France;95;500;Pontoise;31 970;95500;Val-d'Oise;95;Val-d'Oise;10586.0;10438.0;-0,01
75;Nouvelle-Aquitaine;33;39;Bègles;31 831;33039;Gironde;33;Gironde;18997.0;17653.0;-0,07
11;Île-de-France;78;490;Plaisir;31 811;78490;Yvelines;78;Yvelines;16019.0;15694.0;-0,02
11;Île-de-France;95;306;Herblay-sur-Seine;31 779;95306;Val-d'Oise;95;Val-d'Oise;10586.0;10438.0;-0,01
84;Auvergne-Rhône-Alpes;38;544;Vienne;31 778;38544;Isère;38;Isère;12215.0;11637.0;-0,05
93;Provence-Alpes-Côte d'Azur;84;31;Carpentras;31 619;84031;Vaucluse;84;Vaucluse;4349.0;4270.0;-0,02
75;Nouvelle-Aquitaine;40;192;Mont-de-Marsan;31 592;40192;Landes;40;Landes;2165.0;2105.0;-0,03
24;Centre-Val de Loire;28;134;Dreux;31 543;28134;Eure-et-Loir;28;Eure-et-Loir;2572.0;2640.0;0,03
11;Île-de-France;91;657;Vigneux-sur-Seine;31 466;91657;Essonne;91;Essonne;12894.0;12594.0;-0,02
84;Auvergne-Rhône-Alpes;69;286;Rillieux-la-Pape;31 389;69286;Rhône;69;Rhône;32434.0;30285.0;-0,07
11;Île-de-France;95;280;Goussainville;31 301;95280;Val-d'Oise;95;Val-d'Oise;10586.0;10438.0;-0,01
11;Île-de-France;91;521;Ris-Orangis;31 189;91521;Essonne;91;Essonne;12894.0;12594.0;-0,02
11;Île-de-France;94;38;L' Haÿ-les-Roses;31 188;94038;Val-de-Marne;94;Val-de-Marne;15815.0;15265.0;-0,03
8;Saint-Martin;978;801;Saint-Martin;31 160;978801;La Réunion;;;;;
11;Île-de-France;77;445;Savigny-le-Temple;31 148;77445;Seine-et-Marne;77;Seine-et-Marne;11618.0;11306.0;-0,03
32;Hauts-de-France;59;122;Cambrai;31 134;59122;Nord;59;Nord;25176.0;23707.0;-0,06
11;Île-de-France;94;16;Cachan;31 103;94016;Val-de-Marne;94;Val-de-Marne;15815.0;15265.0;-0,03
75;Nouvelle-Aquitaine;86;66;Châtellerault;31 003;86066;Vienne;86;Vienne;2950.0;2802.0;-0,05
1;Guadeloupe;971;103;Baie-Mahault;30 924;971103;Guadeloupe;971;Guadeloupe;2406.0;2464.0;0,02
11;Île-de-France;91;687;Viry-Châtillon;30 838;91687;Essonne;91;Essonne;12894.0;12594.0;-0,02
11;Île-de-France;78;158;Le Chesnay-Rocquencourt;30 689;78158;Yvelines;78;Yvelines;16019.0;15694.0;-0,02
93;Provence-Alpes-Côte d'Azur;06;83;Menton;30 604;06083;Alpes-Maritimes;06;Alpes-Maritimes;10486.0;10320.0;-0,02
11;Île-de-France;78;146;Chatou;30 598;78146;Yvelines;78;Yvelines;16019.0;15694.0;-0,02
11;Île-de-France;92;46;Malakoff;30 557;92046;Hauts-de-Seine;92;Hauts-de-Seine;46444.0;43697.0;-0,06
11;Île-de-France;92;35;La Garenne-Colombes;30 197;92035;Hauts-de-Seine;92;Hauts-de-Seine;46444.0;43697.0;-0,06
76;Occitanie;31;557;Tournefeuille;30 168;31557;Haute-Garonne;31;Haute-Garonne;19516.0;17816.0;-0,09
84;Auvergne-Rhône-Alpes;38;53;Bourgoin-Jallieu;30 151;38053;Isère;38;Isère;12215.0;11637.0;-0,05
11;Île-de-France;91;201;Draveil;30 098;91201;Essonne;91;Essonne;12894.0;12594.0;-0,02
32;Hauts-de-France;62;510;Liévin;30 063;62510;Pas-de-Calais;62;Pas-de-Calais;8021.0;7770.0;-0,03
11;Île-de-France;95;680;Villiers-le-Bel;30 053;95680;Val-d'Oise;95;Val-d'Oise;10586.0;10438.0;-0,01
44;Grand Est;54;547;Vandœuvre-lès-Nancy;29 942;54547;Meurthe-et-Moselle;54;Meurthe-et-Moselle;6208.0;5776.0;-0,07
76;Occitanie;34;3;Agde;29 939;34003;Hérault;34;Hérault;13543.0;12599.0;-0,07
84;Auvergne-Rhône-Alpes;69;275;Décines-Charpieu;29 877;69275;Rhône;69;Rhône;32434.0;30285.0;-0,07
11;Île-de-France;92;64;Saint-Cloud;29 855;92064;Hauts-de-Seine;92;Hauts-de-Seine;46444.0;43697.0;-0,06
11;Île-de-France;93;77;Villemomble;29 795;93077;Seine-Saint-Denis;93;Seine-Saint-Denis;19149.0;18573.0;-0,03
11;Île-de-France;78;297;Guyancourt;29 778;78297;Yvelines;78;Yvelines;16019.0;15694.0;-0,02
93;Provence-Alpes-Côte d'Azur;84;87;Orange;29 706;84087;Vaucluse;84;Vaucluse;4349.0;4270.0;-0,02
11;Île-de-France;94;34;Fresnes;29 528;94034;Val-de-Marne;94;Val-de-Marne;15815.0;15265.0;-0,03
28;Normandie;76;575;Saint-Étienne-du-Rouvray;29 518;76575;Seine-Maritime;76;Seine-Maritime;11102.0;10563.0;-0,05
11;Île-de-France;95;219;Ermont;29 489;95219;Val-d'Oise;95;Val-d'Oise;10586.0;10438.0;-0,01
11;Île-de-France;93;14;Clichy-sous-Bois;29 354;93014;Seine-Saint-Denis;93;Seine-Saint-Denis;19149.0;18573.0;-0,03
93;Provence-Alpes-Côte d'Azur;06;155;Vallauris;29 259;06155;Alpes-Maritimes;06;Alpes-Maritimes;10486.0;10320.0;-0,02
75;Nouvelle-Aquitaine;24;322;Périgueux;29 055;24322;Dordogne;24;Dordogne;1837.0;1755.0;-0,04
28;Normandie;76;681;Sotteville-lès-Rouen;29 003;76681;Seine-Maritime;76;Seine-Maritime;11102.0;10563.0;-0,05
11;Île-de-France;92;9;Bois-Colombes;28 909;92009;Hauts-de-Seine;92;Hauts-de-Seine;46444.0;43697.0;-0,06
11;Île-de-France;92;60;Le Plessis-Robinson;28 848;92060;Hauts-de-Seine;92;Hauts-de-Seine;46444.0;43697.0;-0,06
11;Île-de-France;94;18;Charenton-le-Pont;28 830;94018;Val-de-Marne;94;Val-de-Marne;15815.0;15265.0;-0,03
32;Hauts-de-France;59;392;Maubeuge;28 767;59392;Nord;59;Nord;25176.0;23707.0;-0,06
11;Île-de-France;93;47;Montfermeil;28 703;93047;Seine-Saint-Denis;93;Seine-Saint-Denis;19149.0;18573.0;-0,03
11;Île-de-France;92;75;Vanves;28 622;92075;Hauts-de-Seine;92;Hauts-de-Seine;46444.0;43697.0;-0,06
52;Pays de la Loire;44;190;Saint-Sébastien-sur-Loire;28 596;44190;Loire-Atlantique;44;Loire-Atlantique;15808.0;14785.0;-0,06
52;Pays de la Loire;44;114;Orvault;28 534;44114;Loire-Atlantique;44;Loire-Atlantique;15808.0;14785.0;-0,06
28;Normandie;76;217;Dieppe;28 496;76217;Seine-Maritime;76;Seine-Maritime;11102.0;10563.0;-0,05
32;Hauts-de-France;02;722;Soissons;28 046;02722;Aisne;02;Aisne;2269.0;2217.0;-0,02
11;Île-de-France;91;691;Yerres;27 906;91691;Essonne;91;Essonne;12894.0;12594.0;-0,02
44;Grand Est;67;218;Illkirch-Graffenstaden;27 872;67218;Bas-Rhin;67;Bas-Rhin;12418.0;12036.0;-0,03
11;Île-de-France;94;71;Sucy-en-Brie;27 764;94071;Val-de-Marne;94;Val-de-Marne;15815.0;15265.0;-0,03
1;Guadeloupe;971;113;Le Gosier;27 757;971113;Guadeloupe;971;Guadeloupe;2406.0;2464.0;0,02
11;Île-de-France;78;517;Rambouillet;27 724;78517;Yvelines;78;Yvelines;16019.0;15694.0;-0,02
3;Guyane;973;309;Remire-Montjoly;27 723;973309;Guyane;973;Guyane;973.0;996.0;0,02
11;Île-de-France;95;277;Gonesse;27 707;95277;Val-d'Oise;95;Val-d'Oise;10586.0;10438.0;-0,01
76;Occitanie;31;69;Blagnac;27 604;31069;Haute-Garonne;31;Haute-Garonne;19516.0;17816.0;-0,09
11;Île-de-France;95;607;Taverny;27 593;95607;Val-d'Oise;95;Val-d'Oise;10586.0;10438.0;-0,01
75;Nouvelle-Aquitaine;33;529;La Teste-de-Buch;27 566;33529;Gironde;33;Gironde;18997.0;17653.0;-0,07
11;Île-de-France;77;58;Bussy-Saint-Georges;27 498;77058;Seine-et-Marne;77;Seine-et-Marne;11618.0;11306.0;-0,03
11;Île-de-France;77;83;Champs-sur-Marne;27 451;77083;Seine-et-Marne;77;Seine-et-Marne;11618.0;11306.0;-0,03
11;Île-de-France;94;44;Limeil-Brévannes;27 406;94044;Val-de-Marne;94;Val-de-Marne;15815.0;15265.0;-0,03
11;Île-de-France;95;176;Cormeilles-en-Parisis;27 292;95176;Val-d'Oise;95;Val-d'Oise;10586.0;10438.0;-0,01
75;Nouvelle-Aquitaine;24;37;Bergerac;27 110;24037;Dordogne;24;Dordogne;1837.0;1755.0;-0,04
27;Bourgogne-Franche-Comté;89;387;Sens;27 106;89387;Yonne;89;Yonne;1452.0;1458.0;0,00
32;Hauts-de-France;59;328;Lambersart;27 090;59328;Nord;59;Nord;25176.0;23707.0;-0,06
32;Hauts-de-France;59;17;Armentières;26 998;59017;Nord;59;Nord;25176.0;23707.0;-0,06
75;Nouvelle-Aquitaine;33;192;Gradignan;26 952;33192;Gironde;33;Gironde;18997.0;17653.0;-0,07
11;Île-de-France;77;514;Villeparisis;26 946;77514;Seine-et-Marne;77;Seine-et-Marne;11618.0;11306.0;-0,03
11;Île-de-France;95;582;Sannois;26 924;95582;Val-d'Oise;95;Val-d'Oise;10586.0;10438.0;-0,01
11;Île-de-France;91;223;Étampes;26 857;91223;Essonne;91;Essonne;12894.0;12594.0;-0,02
11;Île-de-France;91;286;Grigny;26 842;91286;Essonne;91;Essonne;12894.0;12594.0;-0,02
75;Nouvelle-Aquitaine;33;119;Cenon;26 834;33119;Gironde;33;Gironde;18997.0;17653.0;-0,07
11;Île-de-France;91;103;Brétigny-sur-Orge;26 658;91103;Essonne;91;Essonne;12894.0;12594.0;-0,02
76;Occitanie;34;145;Lunel;26 623;34145;Hérault;34;Hérault;13543.0;12599.0;-0,07
93;Provence-Alpes-Côte d'Azur;83;62;La Garde;26 476;83062;Var;83;Var;6526.0;6338.0;-0,03
11;Île-de-France;78;208;Élancourt;26 365;78208;Yvelines;78;Yvelines;16019.0;15694.0;-0,02
52;Pays de la Loire;49;328;Saumur;26 241;49328;Maine-et-Loire;49;Maine-et-Loire;7571.0;7099.0;-0,06
52;Pays de la Loire;44;215;Vertou;26 227;44215;Loire-Atlantique;44;Loire-Atlantique;15808.0;14785.0;-0,06
84;Auvergne-Rhône-Alpes;15;14;Aurillac;26 214;15014;Cantal;15;Cantal;687.0;658.0;-0,04
11;Île-de-France;95;203;Eaubonne;26 211;95203;Val-d'Oise;95;Val-d'Oise;10586.0;10438.0;-0,01
75;Nouvelle-Aquitaine;64;122;Biarritz;26 206;64122;Pyrénées-Atlantiques;64;Pyrénées-Atlantiques;5188.0;4810.0;-0,07
93;Provence-Alpes-Côte d'Azur;13;63;Miramas;26 203;13063;Bouches-du-Rhône;13;Bouches-du-Rhône;23439.0;22405.0;-0,04
76;Occitanie;31;395;Muret;26 079;31395;Haute-Garonne;31;Haute-Garonne;19516.0;17816.0;-0,09
76;Occitanie;34;57;Castelnau-le-Lez;26 058;34057;Hérault;34;Hérault;13543.0;12599.0;-0,07
11;Île-de-France;92;78;Villeneuve-la-Garenne;26 021;92078;Hauts-de-Seine;92;Hauts-de-Seine;46444.0;43697.0;-0,06
11;Île-de-France;91;692;Les Ulis;25 886;91692;Essonne;91;Essonne;12894.0;12594.0;-0,02
11;Île-de-France;93;57;Les Pavillons-sous-Bois;25 804;93057;Seine-Saint-Denis;93;Seine-Saint-Denis;19149.0;18573.0;-0,03
52;Pays de la Loire;49;301;Sèvremoine;25 797;49301;Maine-et-Loire;49;Maine-et-Loire;7571.0;7099.0;-0,06
28;Normandie;76;322;Le Grand-Quevilly;25 789;76322;Seine-Maritime;76;Seine-Maritime;11102.0;10563.0;-0,05
75;Nouvelle-Aquitaine;33;249;Lormont;25 769;33249;Gironde;33;Gironde;18997.0;17653.0;-0,07
32;Hauts-de-France;62;427;Hénin-Beaumont;25 688;62427;Pas-de-Calais;62;Pas-de-Calais;8021.0;7770.0;-0,03
11;Île-de-France;91;114;Brunoy;25 643;91114;Essonne;91;Essonne;12894.0;12594.0;-0,02
93;Provence-Alpes-Côte d'Azur;84;35;Cavaillon;25 636;84035;Vaucluse;84;Vaucluse;4349.0;4270.0;-0,02
11;Île-de-France;95;572;Saint-Ouen-l'Aumône;25 578;95572;Val-d'Oise;95;Val-d'Oise;10586.0;10438.0;-0,01
4;La Réunion;974;420;Sainte-Suzanne;25 551;974420;La Réunion;974;La Réunion;6888.0;6513.0;-0,05
28;Normandie;61;1;Alençon;25 490;61001;Orne;61;Orne;1483.0;1423.0;-0,04
75;Nouvelle-Aquitaine;17;415;Saintes;25 363;17415;Charente-Maritime;17;Charente-Maritime;3814.0;3579.0;-0,06
28;Normandie;27;681;Vernon;25 290;27681;Eure;27;Eure;3547.0;3503.0;-0,01
32;Hauts-de-France;62;119;Béthune;25 224;62119;Pas-de-Calais;62;Pas-de-Calais;8021.0;7770.0;-0,03
84;Auvergne-Rhône-Alpes;03;310;Vichy;25 115;03310;Allier;03;Allier;1715.0;1644.0;-0,04
75;Nouvelle-Aquitaine;33;69;Le Bouscat;25 081;33069;Gironde;33;Gironde;18997.0;17653.0;-0,07
24;Centre-Val de Loire;18;279;Vierzon;25 068;18279;Cher;18;Cher;1673.0;1617.0;-0,03
75;Nouvelle-Aquitaine;33;243;Libourne;25 036;33243;Gironde;33;Gironde;18997.0;17653.0;-0,07
75;Nouvelle-Aquitaine;33;162;Eysines;24 825;33162;Gironde;33;Gironde;18997.0;17653.0;-0,07
3;Guyane;973;304;Kourou;24 824;973304;Guyane;973;Guyane;973.0;996.0;0,02
27;Bourgogne-Franche-Comté;25;388;Montbéliard;24 672;25388;Doubs;25;Doubs;4673.0;4481.0;-0,04
1;Guadeloupe;971;118;Petit-Bourg;24 665;971118;Guadeloupe;971;Guadeloupe;2406.0;2464.0;0,02
11;Île-de-France;94;54;Orly;24 658;94054;Val-de-Marne;94;Val-de-Marne;15815.0;15265.0;-0,03
32;Hauts-de-France;02;408;Laon;24 220;02408;Aisne;02;Aisne;2269.0;2217.0;-0,02
76;Occitanie;34;108;Frontignan;24 136;34108;Hérault;34;Hérault;13543.0;12599.0;-0,07
11;Île-de-France;94;43;Le Kremlin-Bicêtre;24 110;94043;Val-de-Marne;94;Val-de-Marne;15815.0;15265.0;-0,03
52;Pays de la Loire;44;47;Couëron;24 103;44047;Loire-Atlantique;44;Loire-Atlantique;15808.0;14785.0;-0,06
11;Île-de-France;92;32;Fontenay-aux-Roses;24 070;92032;Hauts-de-Seine;92;Hauts-de-Seine;46444.0;43697.0;-0,06
11;Île-de-France;91;421;Montgeron;24 022;91421;Essonne;91;Essonne;12894.0;12594.0;-0,02
52;Pays de la Loire;49;23;Beaupréau-en-Mauges;23 989;49023;Maine-et-Loire;49;Maine-et-Loire;7571.0;7099.0;-0,06
76;Occitanie;12;202;Rodez;23 981;12202;Aveyron;12;Aveyron;1678.0;1715.0;0,02
1;Guadeloupe;971;128;Sainte-Anne;23 973;971128;Guadeloupe;971;Guadeloupe;2406.0;2464.0;0,02
11;Île-de-France;93;45;Les Lilas;23 843;93045;Seine-Saint-Denis;93;Seine-Saint-Denis;19149.0;18573.0;-0,03
27;Bourgogne-Franche-Comté;39;198;Dole;23 840;39198;Jura;39;Jura;1560.0;1535.0;-0,02
93;Provence-Alpes-Côte d'Azur;83;144;La Valette-du-Var;23 719;83144;Var;83;Var;6526.0;6338.0;-0,03
11;Île-de-France;77;152;Dammarie-les-Lys;23 559;77152;Seine-et-Marne;77;Seine-et-Marne;11618.0;11306.0;-0,03
24;Centre-Val de Loire;45;232;Olivet;23 507;45232;Loiret;45;Loiret;5652.0;5307.0;-0,06
28;Normandie;14;327;Hérouville-Saint-Clair;23 470;14327;Calvados;14;Calvados;6599.0;6248.0;-0,05
75;Nouvelle-Aquitaine;17;299;Rochefort;23 460;17299;Charente-Maritime;17;Charente-Maritime;3814.0;3579.0;-0,06
11;Île-de-France;77;122;Combs-la-Ville;23 350;77122;Seine-et-Marne;77;Seine-et-Marne;11618.0;11306.0;-0,03
53;Bretagne;56;98;Lanester;23 263;56098;Morbihan;56;Morbihan;4919.0;4752.0;-0,03
11;Île-de-France;77;390;Roissy-en-Brie;23 229;77390;Seine-et-Marne;77;Seine-et-Marne;11618.0;11306.0;-0,03
84;Auvergne-Rhône-Alpes;69;244;Tassin-la-Demi-Lune;23 200;69244;Rhône;69;Rhône;32434.0;30285.0;-0,07
24;Centre-Val de Loire;45;284;Saint-Jean-de-Braye;23 147;45284;Loiret;45;Loiret;5652.0;5307.0;-0,06
11;Île-de-France;95;197;Deuil-la-Barre;23 099;95197;Val-d'Oise;95;Val-d'Oise;10586.0;10438.0;-0,01
11;Île-de-France;78;358;Maisons-Laffitte;23 093;78358;Yvelines;78;Yvelines;16019.0;15694.0;-0,02
1;Guadeloupe;971;117;Le Moule;23 014;971117;Guadeloupe;971;Guadeloupe;2406.0;2464.0;0,02
11;Île-de-France;78;640;Vélizy-Villacoublay;23 011;78640;Yvelines;78;Yvelines;16019.0;15694.0;-0,02
52;Pays de la Loire;85;47;Challans;22 943;85047;Vendée;85;Vendée;5561.0;5412.0;-0,03
44;Grand Est;52;448;Saint-Dizier;22 858;52448;Haute-Marne;52;Haute-Marne;813.0;748.0;-0,08
11;Île-de-France;77;468;Torcy;22 810;77468;Seine-et-Marne;77;Seine-et-Marne;11618.0;11306.0;-0,03
44;Grand Est;68;297;Saint-Louis;22 805;68297;Haut-Rhin;68;Haut-Rhin;5905.0;5695.0;-0,04
93;Provence-Alpes-Côte d'Azur;04;112;Manosque;22 718;04112;Alpes-de-Haute-Provence;04;Alpes-de-Haute-Provence;836.0;795.0;-0,05
32;Hauts-de-France;59;360;Loos;22 567;59360;Nord;59;Nord;25176.0;23707.0;-0,06
11;Île-de-France;91;272;Gif-sur-Yvette;22 544;91272;Essonne;91;Essonne;12894.0;12594.0;-0,02
93;Provence-Alpes-Côte d'Azur;13;71;Les Pennes-Mirabeau;22 537;13071;Bouches-du-Rhône;13;Bouches-du-Rhône;23439.0;22405.0;-0,04
84;Auvergne-Rhône-Alpes;01;283;Oyonnax;22 480;01283;Ain;01;Ain;4347.0;4354.0;0,00
11;Île-de-France;95;424;Montigny-lès-Cormeilles;22 457;95424;Val-d'Oise;95;Val-d'Oise;10586.0;10438.0;-0,01
76;Occitanie;32;13;Auch;22 428;32013;Gers;32;Gers;907.0;907.0;0,00
32;Hauts-de-France;80;1;Abbeville;22 395;80001;Somme;80;Somme;4492.0;4229.0;-0,06
75;Nouvelle-Aquitaine;47;323;Villeneuve-sur-Lot;22 350;47323;Lot-et-Garonne;47;Lot-et-Garonne;2094.0;2004.0;-0,04
11;Île-de-France;78;362;Mantes-la-Ville;22 332;78362;Yvelines;78;Yvelines;16019.0;15694.0;-0,02
11;Île-de-France;92;72;Sèvres;22 303;92072;Hauts-de-Seine;92;Hauts-de-Seine;46444.0;43697.0;-0,06
11;Île-de-France;77;305;Montereau-Fault-Yonne;22 279;77305;Seine-et-Marne;77;Seine-et-Marne;11618.0;11306.0;-0,03
11;Île-de-France;78;5;Achères;22 241;78005;Yvelines;78;Yvelines;16019.0;15694.0;-0,02
28;Normandie;76;498;Le Petit-Quevilly;22 208;76498;Seine-Maritime;76;Seine-Maritime;11102.0;10563.0;-0,05
11;Île-de-France;94;3;Arcueil;22 200;94003;Val-de-Marne;94;Val-de-Marne;15815.0;15265.0;-0,03
44;Grand Est;51;230;Épernay;22 174;51230;Marne;51;Marne;4950.0;4723.0;-0,05
75;Nouvelle-Aquitaine;33;199;Gujan-Mestras;22 153;33199;Gironde;33;Gironde;18997.0;17653.0;-0,07
75;Nouvelle-Aquitaine;40;88;Dax;22 109;40088;Landes;40;Landes;2165.0;2105.0;-0,03
76;Occitanie;12;145;Millau;22 044;12145;Aveyron;12;Aveyron;1678.0;1715.0;0,02
84;Auvergne-Rhône-Alpes;38;169;Fontaine;22 020;38169;Isère;38;Isère;12215.0;11637.0;-0,05
52;Pays de la Loire;49;92;Chemillé-en-Anjou;21 999;49092;Maine-et-Loire;49;Maine-et-Loire;7571.0;7099.0;-0,06
11;Île-de-France;91;345;Longjumeau;21 996;91345;Essonne;91;Essonne;12894.0;12594.0;-0,02
11;Île-de-France;93;49;Neuilly-Plaisance;21 941;93049;Seine-Saint-Denis;93;Seine-Saint-Denis;19149.0;18573.0;-0,03
32;Hauts-de-France;59;295;Hazebrouck;21 912;59295;Nord;59;Nord;25176.0;23707.0;-0,06
32;Hauts-de-France;60;463;Nogent-sur-Oise;21 907;60463;Oise;60;Oise;5375.0;5353.0;0,00
84;Auvergne-Rhône-Alpes;38;563;Voiron;21 847;38563;Isère;38;Isère;12215.0;11637.0;-0,05
24;Centre-Val de Loire;45;147;Fleury-les-Aubrais;21 804;45147;Loiret;45;Loiret;5652.0;5307.0;-0,06
32;Hauts-de-France;59;368;La Madeleine;21 790;59368;Nord;59;Nord;25176.0;23707.0;-0,06
11;Île-de-France;91;570;Saint-Michel-sur-Orge;21 776;91570;Essonne;91;Essonne;12894.0;12594.0;-0,02
11;Île-de-France;95;428;Montmorency;21 763;95428;Val-d'Oise;95;Val-d'Oise;10586.0;10438.0;-0,01
44;Grand Est;57;480;Montigny-lès-Metz;21 718;57480;Moselle;57;Moselle;7148.0;6879.0;-0,04
84;Auvergne-Rhône-Alpes;69;202;Sainte-Foy-lès-Lyon;21 692;69202;Rhône;69;Rhône;32434.0;30285.0;-0,07
11;Île-de-France;91;434;Morsang-sur-Orge;21 667;91434;Essonne;91;Essonne;12894.0;12594.0;-0,02
93;Provence-Alpes-Côte d'Azur;06;79;Mandelieu-la-Napoule;21 640;06079;Alpes-Maritimes;06;Alpes-Maritimes;10486.0;10320.0;-0,02
93;Provence-Alpes-Côte d'Azur;13;41;Gardanne;21 597;13041;Bouches-du-Rhône;13;Bouches-du-Rhône;23439.0;22405.0;-0,04
2;Martinique;972;222;Le Robert;21 553;972222;Martinique;972;Martinique;1957.0;1839.0;-0,06
11;Île-de-France;77;243;Lagny-sur-Marne;21 461;77243;Seine-et-Marne;77;Seine-et-Marne;11618.0;11306.0;-0,03
93;Provence-Alpes-Côte d'Azur;13;2;Allauch;21 443;13002;Bouches-du-Rhône;13;Bouches-du-Rhône;23439.0;22405.0;-0,04
32;Hauts-de-France;62;178;Bruay-la-Buissière;21 424;62178;Pas-de-Calais;62;Pas-de-Calais;8021.0;7770.0;-0,03
84;Auvergne-Rhône-Alpes;69;91;Givors;21 379;69091;Rhône;69;Rhône;32434.0;30285.0;-0,07
11;Île-de-France;95;555;Saint-Gratien;21 336;95555;Val-d'Oise;95;Val-d'Oise;10586.0;10438.0;-0,01
11;Île-de-France;78;545;Saint-Cyr-l'École;21 268;78545;Yvelines;78;Yvelines;16019.0;15694.0;-0,02
11;Île-de-France;77;350;Ozoir-la-Ferrière;21 238;77350;Seine-et-Marne;77;Seine-et-Marne;11618.0;11306.0;-0,03
84;Auvergne-Rhône-Alpes;69;204;Saint-Genis-Laval;21 212;69204;Rhône;69;Rhône;32434.0;30285.0;-0,07
52;Pays de la Loire;85;146;Montaigu-Vendée;21 134;85146;Vendée;85;Vendée;5561.0;5412.0;-0,03
11;Île-de-France;94;59;Le Plessis-Trévise;21 112;94059;Val-de-Marne;94;Val-de-Marne;15815.0;15265.0;-0,03
32;Hauts-de-France;59;410;Mons-en-Barœul;21 105;59410;Nord;59;Nord;25176.0;23707.0;-0,06
76;Occitanie;31;424;Plaisance-du-Touch;21 079;31424;Haute-Garonne;31;Haute-Garonne;19516.0;17816.0;-0,09
11;Île-de-France;94;67;Saint-Mandé;21 071;94067;Val-de-Marne;94;Val-de-Marne;15815.0;15265.0;-0,03
11;Île-de-France;92;14;Bourg-la-Reine;21 019;92014;Hauts-de-Seine;92;Hauts-de-Seine;46444.0;43697.0;-0,06
11;Île-de-France;94;77;Villeneuve-le-Roi;21 000;94077;Val-de-Marne;94;Val-de-Marne;15815.0;15265.0;-0,03
52;Pays de la Loire;44;26;Carquefou;20 921;44026;Loire-Atlantique;44;Loire-Atlantique;15808.0;14785.0;-0,06
11;Île-de-France;92;71;Sceaux;20 884;92071;Hauts-de-Seine;92;Hauts-de-Seine;46444.0;43697.0;-0,06
53;Bretagne;29;39;Concarneau;20 845;29039;Finistère;29;Finistère;6536.0;6320.0;-0,03
44;Grand Est;52;121;Chaumont;20 827;52121;Haute-Marne;52;Haute-Marne;813.0;748.0;-0,08
44;Grand Est;67;267;Lingolsheim;20 826;67267;Bas-Rhin;67;Bas-Rhin;12418.0;12036.0;-0,03
11;Île-de-France;78;123;Carrières-sous-Poissy;20 825;78123;Yvelines;78;Yvelines;16019.0;15694.0;-0,02
32;Hauts-de-France;59;155;Coudekerque-Branche;20 787;59155;Nord;59;Nord;25176.0;23707.0;-0,06
32;Hauts-de-France;59;646;Wasquehal;20 726;59646;Nord;59;Nord;25176.0;23707.0;-0,06
32;Hauts-de-France;59;279;Halluin;20 715;59279;Nord;59;Nord;25176.0;23707.0;-0,06
52;Pays de la Loire;44;35;La Chapelle-sur-Erdre;20 690;44035;Loire-Atlantique;44;Loire-Atlantique;15808.0;14785.0;-0,06
32;Hauts-de-France;59;172;Denain;20 665;59172;Nord;59;Nord;25176.0;23707.0;-0,06
76;Occitanie;31;157;Cugnaux;20 662;31157;Haute-Garonne;31;Haute-Garonne;19516.0;17816.0;-0,09
11;Île-de-France;78;383;Maurepas;20 629;78383;Yvelines;78;Yvelines;16019.0;15694.0;-0,02
11;Île-de-France;92;22;Chaville;20 594;92022;Hauts-de-Seine;92;Hauts-de-Seine;46444.0;43697.0;-0,06
32;Hauts-de-France;59;163;Croix;20 566;59163;Nord;59;Nord;25176.0;23707.0;-0,06
52;Pays de la Loire;44;20;Bouguenais;20 530;44020;Loire-Atlantique;44;Loire-Atlantique;15808.0;14785.0;-0,06
11;Île-de-France;94;42;Joinville-le-Pont;20 525;94042;Val-de-Marne;94;Val-de-Marne;15815.0;15265.0;-0,03
27;Bourgogne-Franche-Comté;71;153;Le Creusot;20 509;71153;Saône-et-Loire;71;Saône-et-Loire;3312.0;3313.0;0,00
44;Grand Est;57;227;Forbach;20 493;57227;Moselle;57;Moselle;7148.0;6879.0;-0,04
11;Île-de-France;78;126;La Celle-Saint-Cloud;20 460;78126;Yvelines;78;Yvelines;16019.0;15694.0;-0,02
11;Île-de-France;77;294;Mitry-Mory;20 456;77294;Seine-et-Marne;77;Seine-et-Marne;11618.0;11306.0;-0,03
11;Île-de-France;91;161;Chilly-Mazarin;20 443;91161;Essonne;91;Essonne;12894.0;12594.0;-0,02
27;Bourgogne-Franche-Comté;21;54;Beaune;20 352;21054;Côte-d'Or;21;Côte d'Or;5451.0;5412.0;-0,01
53;Bretagne;22;113;Lannion;20 315;22113;Côtes-d'Armor;22;Côtes-d'Armor;3549.0;3514.0;-0,01
53;Bretagne;35;115;Fougères;20 307;35115;Ille-et-Vilaine;35;Ille-et-Vilaine;13093.0;12130.0;-0,07
93;Provence-Alpes-Côte d'Azur;84;54;L' Isle-sur-la-Sorgue;20 244;84054;Vaucluse;84;Vaucluse;4349.0;4270.0;-0,02
32;Hauts-de-France;59;271;Grande-Synthe;20 239;59271;Nord;59;Nord;25176.0;23707.0;-0,06
28;Normandie;76;451;Mont-Saint-Aignan;20 165;76451;Seine-Maritime;76;Seine-Maritime;11102.0;10563.0;-0,05
44;Grand Est;57;631;Sarreguemines;20 143;57631;Moselle;57;Moselle;7148.0;6879.0;-0,04
76;Occitanie;46;42;Cahors;20 050;46042;Lot;46;Lot;857.0;896.0;0,05
75;Nouvelle-Aquitaine;33;75;Bruges;20 020;33075;Gironde;33;Gironde;18997.0;17653.0;-0,07
